<?xml version="1.0" encoding="UTF-8" ?>
<XMLDB PATH="mod/reservation/db" VERSION="20110616" COMMENT="XMLDB file for Moodle mod/reservation"
    xmlns:xsi="http://www.w3.org/2001/XMLSchema-instance"
    xsi:noNamespaceSchemaLocation="../../../lib/xmldb/xmldb.xsd"
>
  <TABLES>
    <TABLE NAME="reservation" COMMENT="each record is one reservation and its configuration" NEXT="reservation_request">
      <FIELDS>
        <FIELD NAME="id" TYPE="int" LENGTH="10" NOTNULL="true" UNSIGNED="true" SEQUENCE="true" NEXT="course"/>
        <FIELD NAME="course" TYPE="int" LENGTH="10" NOTNULL="true" UNSIGNED="true" DEFAULT="0" SEQUENCE="false" PREVIOUS="id" NEXT="name"/>
        <FIELD NAME="name" TYPE="char" LENGTH="255" NOTNULL="true" SEQUENCE="false" PREVIOUS="course" NEXT="intro"/>
        <FIELD NAME="intro" TYPE="text" LENGTH="small" NOTNULL="false" SEQUENCE="false" PREVIOUS="name" NEXT="introformat"/>
        <FIELD NAME="introformat" TYPE="int" LENGTH="4" NOTNULL="true" UNSIGNED="true" DEFAULT="0" SEQUENCE="false" PREVIOUS="intro" NEXT="teachers"/>
        <FIELD NAME="teachers" TYPE="char" LENGTH="255" NOTNULL="true" SEQUENCE="false" PREVIOUS="introformat" NEXT="location"/>
        <FIELD NAME="location" TYPE="char" LENGTH="255" NOTNULL="true" SEQUENCE="false" PREVIOUS="teachers" NEXT="timestart"/>
        <FIELD NAME="timestart" TYPE="int" LENGTH="10" NOTNULL="true" UNSIGNED="false" DEFAULT="0" SEQUENCE="false" PREVIOUS="location" NEXT="timeend"/>
        <FIELD NAME="timeend" TYPE="int" LENGTH="10" NOTNULL="true" UNSIGNED="false" DEFAULT="0" SEQUENCE="false" PREVIOUS="timestart" NEXT="grade"/>
        <FIELD NAME="grade" TYPE="int" LENGTH="10" NOTNULL="true" UNSIGNED="false" DEFAULT="0" SEQUENCE="false" PREVIOUS="timeend" NEXT="timeopen"/>
        <FIELD NAME="timeopen" TYPE="int" LENGTH="10" NOTNULL="true" UNSIGNED="true" DEFAULT="0" SEQUENCE="false" PREVIOUS="grade" NEXT="timeclose"/>
        <FIELD NAME="timeclose" TYPE="int" LENGTH="10" NOTNULL="true" UNSIGNED="true" DEFAULT="0" SEQUENCE="false" PREVIOUS="timeopen" NEXT="note"/>
        <FIELD NAME="note" TYPE="int" LENGTH="1" NOTNULL="true" UNSIGNED="true" DEFAULT="0" SEQUENCE="false" COMMENT="Enable users note on reservation" PREVIOUS="timeclose" NEXT="maxrequest"/>
        <FIELD NAME="maxrequest" TYPE="int" LENGTH="10" NOTNULL="true" UNSIGNED="false" DEFAULT="0" SEQUENCE="false" PREVIOUS="note" NEXT="overbook"/>
        <FIELD NAME="overbook" TYPE="int" LENGTH="10" NOTNULL="true" UNSIGNED="true" DEFAULT="0" SEQUENCE="false" PREVIOUS="maxrequest" NEXT="showrequest"/>
        <FIELD NAME="showrequest" TYPE="int" LENGTH="1" NOTNULL="true" UNSIGNED="true" DEFAULT="0" SEQUENCE="false" PREVIOUS="overbook" NEXT="parent"/>
        <FIELD NAME="parent" TYPE="int" LENGTH="10" NOTNULL="true" UNSIGNED="true" DEFAULT="0" SEQUENCE="false" PREVIOUS="showrequest" NEXT="mailed"/>
        <FIELD NAME="mailed" TYPE="int" LENGTH="1" NOTNULL="false" UNSIGNED="true" DEFAULT="0" SEQUENCE="false" COMMENT="Used to define if was sent an email at the end of reservation time." PREVIOUS="parent" NEXT="completionreserved"/>
        <FIELD NAME="completionreserved" TYPE="int" LENGTH="1" NOTNULL="true" DEFAULT="0" SEQUENCE="false" COMMENT="If this field is set to 1, then the activity will be automatically marked as 'complete' once the user submits their choice." PREVIOUS="mailed" NEXT="timemodified"/>
        <FIELD NAME="timemodified" TYPE="int" LENGTH="10" NOTNULL="true" UNSIGNED="true" DEFAULT="0" SEQUENCE="false" PREVIOUS="completionreserved"/>
      </FIELDS>
      <KEYS>
        <KEY NAME="primary" TYPE="primary" FIELDS="id" COMMENT="Primary key for reservation" NEXT="course"/>
        <KEY NAME="course" TYPE="foreign" FIELDS="course" REFTABLE="course" REFFIELDS="id" PREVIOUS="primary"/>
      </KEYS>
    </TABLE>
    <TABLE NAME="reservation_request" COMMENT="each request for reservation" PREVIOUS="reservation" NEXT="reservation_note">
      <FIELDS>
        <FIELD NAME="id" TYPE="int" LENGTH="10" NOTNULL="true" UNSIGNED="true" SEQUENCE="true" NEXT="reservation"/>
        <FIELD NAME="reservation" TYPE="int" LENGTH="10" NOTNULL="true" UNSIGNED="true" DEFAULT="0" SEQUENCE="false" PREVIOUS="id" NEXT="userid"/>
        <FIELD NAME="userid" TYPE="int" LENGTH="10" NOTNULL="true" UNSIGNED="true" DEFAULT="0" SEQUENCE="false" PREVIOUS="reservation" NEXT="timecreated"/>
        <FIELD NAME="timecreated" TYPE="int" LENGTH="10" NOTNULL="true" UNSIGNED="true" DEFAULT="0" SEQUENCE="false" PREVIOUS="userid" NEXT="timecancelled"/>
        <FIELD NAME="timecancelled" TYPE="int" LENGTH="10" NOTNULL="true" UNSIGNED="true" DEFAULT="0" SEQUENCE="false" PREVIOUS="timecreated" NEXT="teacher"/>
        <FIELD NAME="teacher" TYPE="int" LENGTH="10" NOTNULL="true" UNSIGNED="true" DEFAULT="0" SEQUENCE="false" PREVIOUS="timecancelled" NEXT="grade"/>
        <FIELD NAME="grade" TYPE="int" LENGTH="10" NOTNULL="true" UNSIGNED="false" DEFAULT="-1" SEQUENCE="false" PREVIOUS="teacher" NEXT="timegraded"/>
        <FIELD NAME="timegraded" TYPE="int" LENGTH="10" NOTNULL="true" UNSIGNED="true" DEFAULT="0" SEQUENCE="false" PREVIOUS="grade" NEXT="mailed"/>
        <FIELD NAME="mailed" TYPE="int" LENGTH="1" NOTNULL="true" UNSIGNED="true" DEFAULT="0" SEQUENCE="false" PREVIOUS="timegraded" NEXT="eventid"/>
        <FIELD NAME="eventid" TYPE="int" LENGTH="10" NOTNULL="true" UNSIGNED="true" DEFAULT="0" SEQUENCE="false" PREVIOUS="mailed"/>
      </FIELDS>
      <KEYS>
        <KEY NAME="primary" TYPE="primary" FIELDS="id" COMMENT="Primary key for reservation_request" NEXT="reservation"/>
        <KEY NAME="reservation" TYPE="foreign" FIELDS="reservation" REFTABLE="reservation" REFFIELDS="id" PREVIOUS="primary" NEXT="userid"/>
        <KEY NAME="userid" TYPE="foreign" FIELDS="userid" REFTABLE="user" REFFIELDS="id" PREVIOUS="reservation" NEXT="teacher"/>
        <KEY NAME="teacher" TYPE="foreign" FIELDS="teacher" REFTABLE="user" REFFIELDS="id" PREVIOUS="userid"/>
      </KEYS>
    </TABLE>
    <TABLE NAME="reservation_note" COMMENT="Used to store users reservation notes" PREVIOUS="reservation_request" NEXT="reservation_location">
      <FIELDS>
        <FIELD NAME="id" TYPE="int" LENGTH="10" NOTNULL="true" UNSIGNED="false" SEQUENCE="true" COMMENT="id of the table, please edit me" NEXT="request"/>
        <FIELD NAME="request" TYPE="int" LENGTH="10" NOTNULL="true" UNSIGNED="true" DEFAULT="0" SEQUENCE="false" COMMENT="The relate request id" PREVIOUS="id" NEXT="note"/>
        <FIELD NAME="note" TYPE="text" LENGTH="small" NOTNULL="true" SEQUENCE="false" COMMENT="User note" PREVIOUS="request"/>
      </FIELDS>
      <KEYS>
        <KEY NAME="primary" TYPE="primary" FIELDS="id" COMMENT="primary key of the table, please edit me" NEXT="request_id"/>
        <KEY NAME="request_id" TYPE="foreign" FIELDS="request" REFTABLE="reservation_request" REFFIELDS="id" COMMENT="request id foreign key" PREVIOUS="primary"/>
      </KEYS>
    </TABLE>
    <TABLE NAME="reservation_location" COMMENT="Default locations" PREVIOUS="reservation_note" NEXT="reservation_limit">
      <FIELDS>
        <FIELD NAME="id" TYPE="int" LENGTH="10" NOTNULL="true" UNSIGNED="true" SEQUENCE="true" NEXT="name"/>
        <FIELD NAME="name" TYPE="char" LENGTH="255" NOTNULL="true" SEQUENCE="false" PREVIOUS="id"/>
      </FIELDS>
      <KEYS>
        <KEY NAME="primary" TYPE="primary" FIELDS="id" COMMENT="Primary key for reservation_location"/>
      </KEYS>
      <INDEXES>
        <INDEX NAME="name" UNIQUE="false" FIELDS="name"/>
      </INDEXES>
    </TABLE>
    <TABLE NAME="reservation_limit" COMMENT="Store reservation sublimit rules and values" PREVIOUS="reservation_location">
      <FIELDS>
        <FIELD NAME="id" TYPE="int" LENGTH="10" NOTNULL="true" UNSIGNED="true" SEQUENCE="true" NEXT="reservationid"/>
        <FIELD NAME="reservationid" TYPE="int" LENGTH="10" NOTNULL="true" UNSIGNED="true" SEQUENCE="false" PREVIOUS="id" NEXT="field"/>
        <FIELD NAME="field" TYPE="char" LENGTH="255" NOTNULL="true" SEQUENCE="false" PREVIOUS="reservationid" NEXT="operator"/>
        <FIELD NAME="operator" TYPE="int" LENGTH="2" NOTNULL="true" UNSIGNED="true" SEQUENCE="false" PREVIOUS="field" NEXT="matchvalue"/>
        <FIELD NAME="matchvalue" TYPE="char" LENGTH="255" NOTNULL="false" SEQUENCE="false" PREVIOUS="operator" NEXT="requestlimit"/>
        <FIELD NAME="requestlimit" TYPE="int" LENGTH="10" NOTNULL="true" UNSIGNED="true" SEQUENCE="false" PREVIOUS="matchvalue"/>
      </FIELDS>
      <KEYS>
        <KEY NAME="primary" TYPE="primary" FIELDS="id" NEXT="reservation_id"/>
        <KEY NAME="reservation_id" TYPE="foreign" FIELDS="reservationid" REFTABLE="reservation" REFFIELDS="id" PREVIOUS="primary"/>
      </KEYS>
    </TABLE>
  </TABLES>
</XMLDB>
