{"name":"Edwiser RemUI Theme Customizer Start","description":"","pathmatch":"%","enabled":"1","sortorder":"5","configdata":"{\"placement\":\"top\",\"orphan\":\"0\",\"backdrop\":\"1\",\"reflex\":\"1\",\"filtervalues\":{\"accessdate\":{\"filter_accessdate\":\"tool_usertours_accountcreation\",\"filter_accessdate_range\":0,\"filter_accessdate_enabled\":\"0\"},\"category\":[],\"course\":[],\"courseformat\":[],\"role\":[\"-1\"],\"theme\":[\"remui\"]},\"majorupdatetime\":1609920450}","version":"2020061502","steps":[{"title":"What\u2019s new in Edwiser RemUI!","content":"Hey Moodler! Get ready for more granular control on how your Moodle looks and performs.\r\n\r\nNow you can easily edit and customize your Moodle interface on the go, in real-time with the Live Customizer in Edwiser RemUI.\r\n\r\nOur intuitive Live Customizer enables you to see the changes as you make them. And help you see exactly how your Moodle site will look like right then and there! \r\n\r\nSo, go ahead and <b>click on the brush shaped customizer icon<\/b> in the left sidebar to see how it works! ","targettype":"0","targetvalue":"#nav-drawer > div.site-menubar-footer > a:nth-child(4)","sortorder":"0","configdata":"{\"backdrop\":\"0\",\"placement\":\"top\"}"}]}
