{"name":"Edwiser RemUI Theme Customizer","description":"","pathmatch":"\/theme\/remui\/customizer.php","enabled":"1","sortorder":"6","configdata":"{\"placement\":\"right\",\"orphan\":\"0\",\"backdrop\":\"1\",\"reflex\":\"1\",\"filtervalues\":{\"accessdate\":{\"filter_accessdate\":\"tool_usertours_accountcreation\",\"filter_accessdate_range\":0,\"filter_accessdate_enabled\":\"0\"},\"category\":[],\"course\":[],\"courseformat\":[],\"role\":[\"-1\"],\"theme\":[\"remui\"]},\"majorupdatetime\":1609923490}","version":"2020061502","steps":[{"title":"Welcome to the Edwiser Live Customizer","content":"You can now customize your theme for Moodle on the fly. \r\n\r\nAs you make quick design edits (left-hand side), you\u2019ll be able to see the changes reflected on the right-hand screen.\r\n\r\nYou can tweak everything that matters for a simple user interface and a superior user experience - fonts, buttons, colours, favicon and more.\r\n\r\nLet your Moodle design do the talking now!\r\n\r\n<b>Click Next<\/b> to continue.","targettype":"2","targetvalue":"","sortorder":"0","configdata":"{\"backdrop\":\"1\"}"},{"title":"Let\u2019s get you started - Just click, don\u2019t stress","content":"All customizer settings are available here. You can easily tweak almost any aspect of your Moodle design with no coding at all. \r\n\r\nIf you don\u2019t like how your theme looks, just change it! - be it the header, footer, font, buttons, colours or the sidebars. Speed up your editing and enhance the learning experience!\r\n\r\n<b>Click Next<\/b> to continue.","targettype":"0","targetvalue":"#customize-controls","sortorder":"1","configdata":"{\"placement\":\"right\",\"backdrop\":\"1\"}"},{"title":"How to customize the various elements of your Moodle site","content":"In Global settings, you can customize Favicon (the icon for your Moodle site in the address bar), font and text color for both body and headings, set colors or images as page background, design buttons with padding, borders and colors of your choice etc. \r\n\r\n<b>Click on Global<\/b> to proceed","targettype":"0","targetvalue":"#root [sidebar-panel-link][data-panel-id=\"global\"]","sortorder":"2","configdata":"{\"placement\":\"right\",\"backdrop\":\"1\",\"reflex\":\"1\"}"},{"title":"Tweak the text per your liking","content":"Effortlessly customize text settings for the body as well as headings. \r\n\r\n<b>Click on Typography<\/b> to proceed.","targettype":"0","targetvalue":"[sidebar-panel-link][data-panel-id=\"typography\"]","sortorder":"3","configdata":"{\"backdrop\":\"1\",\"reflex\":\"1\",\"placement\":\"right\"}"},{"title":"Choose the right style for the main body of your Moodle site","content":"Next, click on Body to style and design the page body as you please. Here you get to choose the font family, the font size and weight, the text color, and a lot more. Similarly, you can also style your headings the way you want.\r\n\r\n<b>Click on Body<\/b> to proceed.","targettype":"0","targetvalue":"[sidebar-panel-link][data-panel-id=\"typography-body\"]","sortorder":"4","configdata":"{\"backdrop\":\"1\",\"reflex\":\"1\",\"placement\":\"right\"}"},{"title":"Change the font as you see fit","content":"You can easily change the font size for the entire site by picking the font size that works for you. \r\n\r\n<b>Trying changing the font size <\/b> to see the changes on the right hand side.","targettype":"0","targetvalue":"#fitem_id_global-typography-body-fontsize","sortorder":"5","configdata":"{\"backdrop\":\"1\",\"reflex\":\"1\",\"placement\":\"right\"}"},{"title":"Live Preview the changes as you go","content":"You can quickly preview the changes right there on your screen as you work and edit your theme without navigating elsewhere.\r\n\r\n<b>Click Next<\/b> to continue.","targettype":"0","targetvalue":".customizer-preview","sortorder":"6","configdata":"{\"placement\":\"left\",\"backdrop\":\"1\"}"},{"title":"Save the changes you want to keep or discard and start new","content":"In case you mess up and want to start customizing again, click on Reset. Once happy with the settings, click on Save to save all the design changes and close the customizer by clicking on the Close button. \r\n\r\n<b>Click Next<\/b> to continue.","targettype":"0","targetvalue":".customizer-header","sortorder":"7","configdata":"{\"placement\":\"right\",\"backdrop\":\"1\"}"},{"title":"Preview for different devices.","content":"Check how your Moodle site would look on different devices with this handiest design option. It not only lets you see how your site looks but also helps you see how it functions right away, without having to manually test it on multiple devices.\r\n\r\n<b>Click Next<\/b> to continue.","targettype":"0","targetvalue":".customizer-mode-button-wrapper","sortorder":"8","configdata":"{\"backdrop\":\"1\",\"reflex\":\"0\",\"placement\":\"top\"}"},{"title":"Review your new design in a better way","content":"Click here to see all the changes in full page view. This puts the entire focus on all your design changes you just made with maximum screen space and minimum distractions. You can easily get a better idea of how your new layout would finally appear without all the screen clutter.\r\n\r\n<b>Click Next<\/b> to continue.","targettype":"0","targetvalue":".customizer-controls-toggle","sortorder":"9","configdata":"{\"placement\":\"right\",\"backdrop\":\"1\",\"reflex\":\"1\"}"},{"title":"Have fun customizing your theme on the go!","content":"Hurray! That\u2019s it! \r\n\r\nYou can now start customizing in real-time to give your learners the best Moodle experience\r\n\r\nIf you got any questions, <a href=\"https:\/\/edwiser.org\/contact-us\/\" target=\"_blank\" rel=\"noreferrer noopener\">we are just a click away<\/a> :)","targettype":"2","targetvalue":"","sortorder":"10","configdata":"{\"backdrop\":\"1\"}"}]}
